{
  "spritemap": {
    "bgm": {
      "start": 0,
      "end": 102.06040816326531
    },
    "change_1": {
      "start": 104,
      "end": 105.78789115646258
    },
    "change_2": {
      "start": 107,
      "end": 109.32850340136055
    },
    "change_3": {
      "start": 111,
      "end": 111.3843537414966
    },
    "countdown": {
      "start": 113,
      "end": 117.57142857142857
    },
    "penalty": {
      "start": 119,
      "end": 125.45585034013605
    },
    "put_1": {
      "start": 127,
      "end": 128.24374149659863
    },
    "put_2": {
      "start": 130,
      "end": 131.18709750566893
    },
    "put_3": {
      "start": 133,
      "end": 134.08435374149659
    },
    "put_4": {
      "start": 136,
      "end": 136.48396825396824
    },
    "result": {
      "start": 138,
      "end": 144.03428571428572
    },
    "select": {
      "start": 146,
      "end": 147.5673469387755
    }
  },
  "src": [
    {
      "media": "audio/mpeg",
      "path": "audio/output.mp3"
    }
  ]
}